hhnum,k9,k8,k7,k6,k5,k4,k3,k2,k1
100012,,,,,,,,,
100015,,,,,,,,,
100024,,,,,,,,,
100028,,,,,,,,,
100040,,,,,,,,,
100049,,,,,,,,,
100054,,,,,,,,,
100055,,,,,,,,,
100059,,,,,,,,,
100061,,,,,,,,,
100067,,,,,,,,,
100069,,,,,,,,,
100076,,,,,,,,,
100083,,,,,,,,,
100088,2,2,2,2,2,2,2,2,1
100093,,,,,,,,,
100095,,,,,,,,,
100104,,,,,,,,,
100132,,,,,,,,,
100135,,,,,,,,,
100138,,,,,,,,,
100148,,,,,,,,,
100150,,,,,,,,,
100151,,,,,,,,,
100155,,,,,,,,,
100158,,,,,,,,,
100159,,,,,,,,,
100163,,,,,,,,,
100174,7,7,6,6,3,3,3,2,1
100192,1,1,1,1,1,1,1,1,1
100194,,,,,,,,,
100203,,,,,,,,,
100207,,,,,,,,,
100210,,,,,,,,,
100214,,,,,,,,,
100228,,,,,,,,,
100229,,,,,,,,,
100238,,,,,,,,,
100240,,,,,,,,,
100244,,,,,,,,,
100255,,,,,,,,,
100268,1,1,1,1,1,1,1,1,1
100273,,,,,,,,,
100274,,,,,,,,,
100276,,,,,,,,,
100292,,,,,,,,,
100304,,,,,,,,,
100317,,,,,,,,,
100322,,,,,,,,,
100323,,,,,,,,,
100325,,,,,,,,,
100337,,,,,,,,,
100360,,,,,,,,,
100363,1,1,1,1,1,1,1,1,1
100373,,,,,,,,,
100381,,,,,,,,,
100384,,,,,,,,,
100391,,,,,,,,,
100406,,,,,,,,,
100419,,,,,,,,,
100426,,,,,,,,,
100436,,,,,,,,,
100438,5,5,5,5,5,4,1,1,1
100442,,,,,,,,,
100444,1,1,1,1,1,1,1,1,1
100446,,,,,,,,,
100457,,,,,,,,,
100459,4,4,4,4,4,4,1,1,1
100460,,,,,,,,,
100464,,,,,,,,,
100485,,,,,,,,,
100487,,,,,,,,,
100502,,,,,,,,,
100504,,,,,,,,,
100509,,,,,,,,,
100513,,,,,,,,,
100520,,,,,,,,,
100529,,,,,,,,,
100533,1,1,1,1,1,1,1,1,1
100539,,,,,,,,,
100545,,,,,,,,,
100554,,,,,,,,,
100558,,,,,,,,,
100562,,,,,,,,,
100568,,,,,,,,,
100580,,,,,,,,,
100584,,,,,,,,,
100594,1,1,1,1,1,1,1,1,1
100622,,,,,,,,,
100623,,,,,,,,,
100633,,,,,,,,,
100641,,,,,,,,,
100649,,,,,,,,,
100664,,,,,,,,,
100666,,,,,,,,,
100681,,,,,,,,,
100686,,,,,,,,,
100689,2,2,2,2,2,2,2,2,1
100690,,,,,,,,,
100692,,,,,,,,,
100693,,,,,,,,,
100697,,,,,,,,,
100700,,,,,,,,,
100714,,,,,,,,,
100720,,,,,,,,,
100726,,,,,,,,,
100742,,,,,,,,,
100753,,,,,,,,,
100768,,,,,,,,,
100781,5,5,5,5,5,4,1,1,1
100783,,,,,,,,,
100792,2,2,2,2,2,2,2,2,1
100796,,,,,,,,,
100799,,,,,,,,,
100805,,,,,,,,,
100810,,,,,,,,,
100816,,,,,,,,,
100841,,,,,,,,,
100843,,,,,,,,,
100845,,,,,,,,,
100857,,,,,,,,,
100875,,,,,,,,,
100885,,,,,,,,,
100888,1,1,1,1,1,1,1,1,1
100900,,,,,,,,,
100901,,,,,,,,,
100905,,,,,,,,,
100917,,,,,,,,,
100929,,,,,,,,,
100934,,,,,,,,,
100953,,,,,,,,,
100958,,,,,,,,,
100974,,,,,,,,,
100984,,,,,,,,,
100985,,,,,,,,,
100992,,,,,,,,,
101011,,,,,,,,,
101018,2,2,2,2,2,2,2,2,1
101020,,,,,,,,,
101024,,,,,,,,,
101046,,,,,,,,,
101056,,,,,,,,,
101061,,,,,,,,,
101062,,,,,,,,,
101063,,,,,,,,,
101094,,,,,,,,,
101112,,,,,,,,,
101125,,,,,,,,,
101130,,,,,,,,,
101134,,,,,,,,,
101141,,,,,,,,,
101148,,,,,,,,,
101151,,,,,,,,,
101154,,,,,,,,,
101175,,,,,,,,,
101180,3,3,3,3,3,3,3,2,1
101195,,,,,,,,,
101196,,,,,,,,,
101203,,,,,,,,,
101210,8,8,8,5,5,4,1,1,1
101218,,,,,,,,,
101228,,,,,,,,,
101236,,,,,,,,,
101244,,,,,,,,,
101253,,,,,,,,,
101267,,,,,,,,,
101268,,,,,,,,,
101291,6,6,6,6,3,3,3,2,1
101292,,,,,,,,,
101323,3,3,3,3,3,3,3,2,1
101326,1,1,1,1,1,1,1,1,1
101339,,,,,,,,,
101343,,,,,,,,,
101347,,,,,,,,,
101359,,,,,,,,,
101372,,,,,,,,,
101374,,,,,,,,,
101386,,,,,,,,,
101389,1,1,1,1,1,1,1,1,1
101396,,,,,,,,,
101399,,,,,,,,,
101400,,,,,,,,,
101426,,,,,,,,,
101451,,,,,,,,,
101456,8,8,8,5,5,4,1,1,1
101460,,,,,,,,,
101469,,,,,,,,,
101481,,,,,,,,,
101494,,,,,,,,,
101499,,,,,,,,,
101501,,,,,,,,,
101502,,,,,,,,,
101503,,,,,,,,,
101521,,,,,,,,,
101525,,,,,,,,,
101531,,,,,,,,,
101537,,,,,,,,,
101541,,,,,,,,,
101560,2,2,2,2,2,2,2,2,1
101570,,,,,,,,,
101574,,,,,,,,,
101580,,,,,,,,,
101581,,,,,,,,,
101590,,,,,,,,,
101591,,,,,,,,,
101599,,,,,,,,,
101602,,,,,,,,,
101603,,,,,,,,,
101609,,,,,,,,,
101618,,,,,,,,,
101626,,,,,,,,,
101637,,,,,,,,,
101640,,,,,,,,,
101663,,,,,,,,,
101668,,,,,,,,,
101670,,,,,,,,,
101678,,,,,,,,,
101680,,,,,,,,,
101713,,,,,,,,,
101719,1,1,1,1,1,1,1,1,1
101729,,,,,,,,,
101738,,,,,,,,,
101744,,,,,,,,,
101752,2,2,2,2,2,2,2,2,1
101756,,,,,,,,,
101758,,,,,,,,,
101759,,,,,,,,,
101761,,,,,,,,,
101763,,,,,,,,,
101776,,,,,,,,,
101777,,,,,,,,,
101785,,,,,,,,,
101790,,,,,,,,,
101797,,,,,,,,,
101803,,,,,,,,,
101812,,,,,,,,,
101815,,,,,,,,,
101828,,,,,,,,,
101829,,,,,,,,,
101831,,,,,,,,,
101833,,,,,,,,,
101844,,,,,,,,,
101845,,,,,,,,,
101856,,,,,,,,,
101857,1,1,1,1,1,1,1,1,1
101862,,,,,,,,,
101870,,,,,,,,,
101874,2,2,2,2,2,2,2,2,1
101880,,,,,,,,,
101881,,,,,,,,,
101888,,,,,,,,,
101889,,,,,,,,,
101896,,,,,,,,,
101906,,,,,,,,,
101923,,,,,,,,,
101932,,,,,,,,,
101935,,,,,,,,,
101941,,,,,,,,,
101945,,,,,,,,,
101953,,,,,,,,,
101955,6,6,6,6,3,3,3,2,1
101972,,,,,,,,,
101973,,,,,,,,,
101983,,,,,,,,,
102027,,,,,,,,,
102045,,,,,,,,,
102047,3,3,3,3,3,3,3,2,1
102056,,,,,,,,,
102062,,,,,,,,,
102064,,,,,,,,,
102080,2,2,2,2,2,2,2,2,1
102086,,,,,,,,,
102089,,,,,,,,,
102092,7,7,6,6,3,3,3,2,1
102098,,,,,,,,,
102106,,,,,,,,,
102115,,,,,,,,,
102121,,,,,,,,,
102123,5,5,5,5,5,4,1,1,1
102132,,,,,,,,,
102136,,,,,,,,,
102142,1,1,1,1,1,1,1,1,1
102144,,,,,,,,,
102149,,,,,,,,,
102158,,,,,,,,,
102161,,,,,,,,,
102163,,,,,,,,,
102173,,,,,,,,,
102186,,,,,,,,,
102193,,,,,,,,,
102205,,,,,,,,,
102216,,,,,,,,,
102240,,,,,,,,,
102248,,,,,,,,,
102249,,,,,,,,,
102263,,,,,,,,,
102269,2,2,2,2,2,2,2,2,1
102277,,,,,,,,,
102283,,,,,,,,,
102293,,,,,,,,,
102295,,,,,,,,,
102299,,,,,,,,,
102304,,,,,,,,,
102313,,,,,,,,,
102316,,,,,,,,,
102318,,,,,,,,,
102329,,,,,,,,,
102336,,,,,,,,,
102341,,,,,,,,,
102345,,,,,,,,,
102360,,,,,,,,,
102383,,,,,,,,,
102390,,,,,,,,,
102398,,,,,,,,,
102411,,,,,,,,,
102412,,,,,,,,,
102418,,,,,,,,,
102419,,,,,,,,,
102423,,,,,,,,,
102431,,,,,,,,,
102434,,,,,,,,,
102442,,,,,,,,,
102457,,,,,,,,,
102462,,,,,,,,,
102465,,,,,,,,,
102478,,,,,,,,,
102482,,,,,,,,,
102488,,,,,,,,,
102500,,,,,,,,,
102503,,,,,,,,,
102508,,,,,,,,,
102511,,,,,,,,,
102512,5,5,5,5,5,4,1,1,1
102530,,,,,,,,,
102531,2,2,2,2,2,2,2,2,1
102536,,,,,,,,,
102539,,,,,,,,,
102580,,,,,,,,,
102583,,,,,,,,,
102584,,,,,,,,,
102585,,,,,,,,,
102589,1,1,1,1,1,1,1,1,1
102600,,,,,,,,,
102606,,,,,,,,,
102607,,,,,,,,,
102615,,,,,,,,,
102650,,,,,,,,,
102665,,,,,,,,,
102681,,,,,,,,,
102693,,,,,,,,,
102703,,,,,,,,,
102726,,,,,,,,,
102734,,,,,,,,,
102741,1,1,1,1,1,1,1,1,1
102747,,,,,,,,,
102753,,,,,,,,,
102758,,,,,,,,,
102759,,,,,,,,,
102769,2,2,2,2,2,2,2,2,1
102770,,,,,,,,,
102778,,,,,,,,,
102791,,,,,,,,,
102794,,,,,,,,,
102796,,,,,,,,,
102805,,,,,,,,,
102815,,,,,,,,,
102826,,,,,,,,,
102841,,,,,,,,,
102846,3,3,3,3,3,3,3,2,1
102862,,,,,,,,,
102865,,,,,,,,,
102868,,,,,,,,,
102873,2,2,2,2,2,2,2,2,1
102905,,,,,,,,,
102918,,,,,,,,,
102919,,,,,,,,,
102928,,,,,,,,,
102931,,,,,,,,,
102953,,,,,,,,,
102976,,,,,,,,,
102986,,,,,,,,,
103007,,,,,,,,,
103008,,,,,,,,,
103013,,,,,,,,,
103036,,,,,,,,,
103037,,,,,,,,,
103057,,,,,,,,,
103061,7,7,6,6,3,3,3,2,1
103068,,,,,,,,,
103073,,,,,,,,,
103080,,,,,,,,,
103086,,,,,,,,,
103087,2,2,2,2,2,2,2,2,1
103089,,,,,,,,,
103094,,,,,,,,,
103097,,,,,,,,,
103106,,,,,,,,,
103115,,,,,,,,,
103118,,,,,,,,,
103126,,,,,,,,,
103128,,,,,,,,,
103143,,,,,,,,,
103147,,,,,,,,,
103152,,,,,,,,,
103153,,,,,,,,,
103157,,,,,,,,,
103164,,,,,,,,,
103165,,,,,,,,,
103173,,,,,,,,,
103186,,,,,,,,,
103200,,,,,,,,,
103202,,,,,,,,,
103203,,,,,,,,,
103211,,,,,,,,,
103216,,,,,,,,,
103218,,,,,,,,,
103234,,,,,,,,,
103243,,,,,,,,,
103244,,,,,,,,,
103245,,,,,,,,,
103253,,,,,,,,,
103273,,,,,,,,,
103274,,,,,,,,,
103295,,,,,,,,,
103303,,,,,,,,,
103312,,,,,,,,,
103317,,,,,,,,,
103318,,,,,,,,,
103331,,,,,,,,,
103333,,,,,,,,,
103334,,,,,,,,,
103338,,,,,,,,,
103345,,,,,,,,,
103347,,,,,,,,,
103382,,,,,,,,,
103401,,,,,,,,,
103409,,,,,,,,,
103410,,,,,,,,,
103412,,,,,,,,,
103413,,,,,,,,,
103425,,,,,,,,,
103439,,,,,,,,,
103440,,,,,,,,,
103442,,,,,,,,,
103447,,,,,,,,,
103458,,,,,,,,,
103474,,,,,,,,,
103478,,,,,,,,,
103488,,,,,,,,,
103524,,,,,,,,,
103531,,,,,,,,,
103534,8,8,8,5,5,4,1,1,1
103539,,,,,,,,,
103545,,,,,,,,,
103559,,,,,,,,,
103564,4,4,4,4,4,4,1,1,1
103566,1,1,1,1,1,1,1,1,1
103568,4,4,4,4,4,4,1,1,1
103577,,,,,,,,,
103582,,,,,,,,,
103595,,,,,,,,,
103596,,,,,,,,,
103598,,,,,,,,,
103600,,,,,,,,,
103609,,,,,,,,,
103613,,,,,,,,,
103635,,,,,,,,,
103645,,,,,,,,,
103650,,,,,,,,,
103657,,,,,,,,,
103659,,,,,,,,,
103669,,,,,,,,,
103679,,,,,,,,,
103690,,,,,,,,,
103698,,,,,,,,,
103713,,,,,,,,,
103715,,,,,,,,,
103718,,,,,,,,,
103725,,,,,,,,,
103747,,,,,,,,,
103773,,,,,,,,,
103781,,,,,,,,,
103803,,,,,,,,,
103819,,,,,,,,,
103837,,,,,,,,,
103848,,,,,,,,,
103853,4,4,4,4,4,4,1,1,1
103870,,,,,,,,,
103890,4,4,4,4,4,4,1,1,1
103900,,,,,,,,,
103905,1,1,1,1,1,1,1,1,1
103917,,,,,,,,,
103923,,,,,,,,,
103926,,,,,,,,,
103935,,,,,,,,,
103941,,,,,,,,,
103963,,,,,,,,,
103968,,,,,,,,,
103976,,,,,,,,,
103982,,,,,,,,,
103988,,,,,,,,,
104006,,,,,,,,,
104007,,,,,,,,,
104023,,,,,,,,,
104027,1,1,1,1,1,1,1,1,1
104030,,,,,,,,,
104036,3,3,3,3,3,3,3,2,1
104040,,,,,,,,,
104052,,,,,,,,,
104062,,,,,,,,,
104071,,,,,,,,,
104109,,,,,,,,,
104115,,,,,,,,,
104137,1,1,1,1,1,1,1,1,1
104142,,,,,,,,,
104146,,,,,,,,,
104154,,,,,,,,,
104162,,,,,,,,,
104180,,,,,,,,,
104185,4,4,4,4,4,4,1,1,1
104199,,,,,,,,,
104204,,,,,,,,,
104205,,,,,,,,,
104213,1,1,1,1,1,1,1,1,1
104220,,,,,,,,,
104222,,,,,,,,,
104223,,,,,,,,,
104224,,,,,,,,,
104230,,,,,,,,,
104234,,,,,,,,,
104248,,,,,,,,,
104255,,,,,,,,,
104263,,,,,,,,,
104280,,,,,,,,,
104282,,,,,,,,,
104283,1,1,1,1,1,1,1,1,1
104302,,,,,,,,,
104306,,,,,,,,,
104311,,,,,,,,,
104319,,,,,,,,,
104326,,,,,,,,,
104328,,,,,,,,,
104340,,,,,,,,,
104348,,,,,,,,,
104349,1,1,1,1,1,1,1,1,1
104350,,,,,,,,,
104375,,,,,,,,,
104376,,,,,,,,,
104380,5,5,5,5,5,4,1,1,1
104385,,,,,,,,,
104389,,,,,,,,,
104392,,,,,,,,,
104398,,,,,,,,,
104405,,,,,,,,,
104406,,,,,,,,,
104408,,,,,,,,,
104416,,,,,,,,,
104418,,,,,,,,,
104439,,,,,,,,,
104449,,,,,,,,,
104460,,,,,,,,,
104462,,,,,,,,,
104464,,,,,,,,,
104475,,,,,,,,,
104482,,,,,,,,,
104483,,,,,,,,,
104492,,,,,,,,,
104496,4,4,4,4,4,4,1,1,1
104499,1,1,1,1,1,1,1,1,1
104513,,,,,,,,,
104514,,,,,,,,,
104525,,,,,,,,,
104542,,,,,,,,,
104551,,,,,,,,,
104553,,,,,,,,,
104555,,,,,,,,,
104564,1,1,1,1,1,1,1,1,1
104572,,,,,,,,,
104614,1,1,1,1,1,1,1,1,1
104663,,,,,,,,,
104667,,,,,,,,,
104668,,,,,,,,,
104669,,,,,,,,,
104671,,,,,,,,,
104676,,,,,,,,,
104677,,,,,,,,,
104697,4,4,4,4,4,4,1,1,1
104699,,,,,,,,,
104701,,,,,,,,,
104719,,,,,,,,,
104730,,,,,,,,,
104731,,,,,,,,,
104734,,,,,,,,,
104751,,,,,,,,,
104757,,,,,,,,,
104763,,,,,,,,,
104768,,,,,,,,,
104770,,,,,,,,,
104789,,,,,,,,,
104792,2,2,2,2,2,2,2,2,1
104818,,,,,,,,,
104825,,,,,,,,,
104827,,,,,,,,,
104828,,,,,,,,,
104838,,,,,,,,,
104840,3,3,3,3,3,3,3,2,1
104850,,,,,,,,,
104857,2,2,2,2,2,2,2,2,1
104863,,,,,,,,,
104864,,,,,,,,,
104869,,,,,,,,,
104879,,,,,,,,,
104917,,,,,,,,,
104924,,,,,,,,,
104938,7,7,6,6,3,3,3,2,1
104941,,,,,,,,,
104949,,,,,,,,,
104953,1,1,1,1,1,1,1,1,1
104960,,,,,,,,,
104972,,,,,,,,,
105000,,,,,,,,,
105006,,,,,,,,,
105016,,,,,,,,,
105023,,,,,,,,,
105034,,,,,,,,,
105058,7,7,6,6,3,3,3,2,1
105080,,,,,,,,,
105084,,,,,,,,,
105089,,,,,,,,,
105100,,,,,,,,,
105101,,,,,,,,,
105113,,,,,,,,,
105142,,,,,,,,,
105163,,,,,,,,,
105167,,,,,,,,,
105168,,,,,,,,,
105176,,,,,,,,,
105181,,,,,,,,,
105201,,,,,,,,,
105206,1,1,1,1,1,1,1,1,1
105220,,,,,,,,,
105222,,,,,,,,,
105241,,,,,,,,,
105255,,,,,,,,,
105256,,,,,,,,,
105272,,,,,,,,,
105284,,,,,,,,,
105285,,,,,,,,,
105288,,,,,,,,,
105292,,,,,,,,,
105308,,,,,,,,,
105309,1,1,1,1,1,1,1,1,1
105311,,,,,,,,,
105331,,,,,,,,,
105335,,,,,,,,,
105361,,,,,,,,,
105364,,,,,,,,,
105377,,,,,,,,,
105378,,,,,,,,,
105385,,,,,,,,,
105392,,,,,,,,,
105405,,,,,,,,,
105407,,,,,,,,,
105410,,,,,,,,,
105423,,,,,,,,,
105424,,,,,,,,,
105426,,,,,,,,,
105427,6,6,6,6,3,3,3,2,1
105460,,,,,,,,,
105461,4,4,4,4,4,4,1,1,1
105468,,,,,,,,,
105477,,,,,,,,,
105479,2,2,2,2,2,2,2,2,1
105491,,,,,,,,,
105500,,,,,,,,,
105522,,,,,,,,,
105554,,,,,,,,,
105564,,,,,,,,,
105576,,,,,,,,,
105600,,,,,,,,,
105610,,,,,,,,,
105628,,,,,,,,,
105644,,,,,,,,,
105649,,,,,,,,,
105652,2,2,2,2,2,2,2,2,1
105657,,,,,,,,,
105680,,,,,,,,,
105686,,,,,,,,,
105689,,,,,,,,,
105716,,,,,,,,,
105731,,,,,,,,,
105732,,,,,,,,,
105733,,,,,,,,,
105747,,,,,,,,,
105753,,,,,,,,,
105756,,,,,,,,,
105761,,,,,,,,,
105763,,,,,,,,,
105764,,,,,,,,,
105765,1,1,1,1,1,1,1,1,1
105792,,,,,,,,,
105796,,,,,,,,,
105799,,,,,,,,,
105812,,,,,,,,,
105832,,,,,,,,,
105840,,,,,,,,,
105846,,,,,,,,,
105856,,,,,,,,,
105864,,,,,,,,,
105896,,,,,,,,,
105908,7,7,6,6,3,3,3,2,1
105933,,,,,,,,,
105940,,,,,,,,,
105946,,,,,,,,,
105947,,,,,,,,,
105950,,,,,,,,,
105954,,,,,,,,,
105956,,,,,,,,,
105957,,,,,,,,,
105962,5,5,5,5,5,4,1,1,1
105985,2,2,2,2,2,2,2,2,1
105994,,,,,,,,,
105995,,,,,,,,,
106001,,,,,,,,,
106010,,,,,,,,,
106032,,,,,,,,,
106033,,,,,,,,,
106035,,,,,,,,,
106043,,,,,,,,,
106046,,,,,,,,,
106071,,,,,,,,,
106098,,,,,,,,,
106102,,,,,,,,,
106110,,,,,,,,,
106138,,,,,,,,,
106140,,,,,,,,,
106145,,,,,,,,,
106166,,,,,,,,,
106171,,,,,,,,,
106182,,,,,,,,,
106186,,,,,,,,,
106202,,,,,,,,,
106228,3,3,3,3,3,3,3,2,1
106255,,,,,,,,,
106256,,,,,,,,,
106265,,,,,,,,,
106267,,,,,,,,,
106274,,,,,,,,,
106276,,,,,,,,,
106278,,,,,,,,,
106280,,,,,,,,,
106293,,,,,,,,,
106294,,,,,,,,,
106327,,,,,,,,,
106356,,,,,,,,,
106357,,,,,,,,,
106365,,,,,,,,,
106367,,,,,,,,,
106382,,,,,,,,,
106384,,,,,,,,,
106388,,,,,,,,,
106390,,,,,,,,,
106396,,,,,,,,,
106419,,,,,,,,,
106422,,,,,,,,,
106425,,,,,,,,,
106432,,,,,,,,,
106442,,,,,,,,,
106443,,,,,,,,,
106462,,,,,,,,,
106464,,,,,,,,,
106467,,,,,,,,,
106471,,,,,,,,,
106475,,,,,,,,,
106477,,,,,,,,,
106486,,,,,,,,,
106493,,,,,,,,,
106507,,,,,,,,,
106508,,,,,,,,,
106518,,,,,,,,,
106534,,,,,,,,,
106550,,,,,,,,,
106562,,,,,,,,,
106589,,,,,,,,,
106614,,,,,,,,,
106615,,,,,,,,,
106623,,,,,,,,,
106624,,,,,,,,,
106625,,,,,,,,,
106629,2,2,2,2,2,2,2,2,1
106630,,,,,,,,,
106663,,,,,,,,,
106672,1,1,1,1,1,1,1,1,1
106683,,,,,,,,,
106693,,,,,,,,,
106705,,,,,,,,,
106715,,,,,,,,,
106717,,,,,,,,,
106721,,,,,,,,,
106727,,,,,,,,,
106733,,,,,,,,,
106741,,,,,,,,,
106743,,,,,,,,,
106747,,,,,,,,,
106750,,,,,,,,,
106766,,,,,,,,,
106772,,,,,,,,,
106776,,,,,,,,,
106781,,,,,,,,,
106782,,,,,,,,,
106784,,,,,,,,,
106796,,,,,,,,,
106802,,,,,,,,,
106804,,,,,,,,,
106805,,,,,,,,,
106806,,,,,,,,,
106813,,,,,,,,,
106816,,,,,,,,,
106838,1,1,1,1,1,1,1,1,1
106853,2,2,2,2,2,2,2,2,1
106854,,,,,,,,,
106862,,,,,,,,,
106888,,,,,,,,,
106896,1,1,1,1,1,1,1,1,1
106912,,,,,,,,,
106916,,,,,,,,,
106917,2,2,2,2,2,2,2,2,1
106920,,,,,,,,,
106934,,,,,,,,,
106973,,,,,,,,,
106975,,,,,,,,,
106981,,,,,,,,,
106983,,,,,,,,,
107002,,,,,,,,,
107010,,,,,,,,,
107011,,,,,,,,,
107017,,,,,,,,,
107019,,,,,,,,,
107021,,,,,,,,,
107022,,,,,,,,,
107026,,,,,,,,,
107042,,,,,,,,,
107045,,,,,,,,,
107047,,,,,,,,,
107055,,,,,,,,,
107069,,,,,,,,,
107071,,,,,,,,,
107078,,,,,,,,,
107118,3,3,3,3,3,3,3,2,1
107123,,,,,,,,,
107124,,,,,,,,,
107125,,,,,,,,,
107141,,,,,,,,,
107174,,,,,,,,,
107182,,,,,,,,,
107187,,,,,,,,,
107190,5,5,5,5,5,4,1,1,1
107195,,,,,,,,,
107205,,,,,,,,,
107220,,,,,,,,,
107226,,,,,,,,,
107236,,,,,,,,,
107259,,,,,,,,,
107260,1,1,1,1,1,1,1,1,1
107263,,,,,,,,,
107265,,,,,,,,,
107279,,,,,,,,,
107284,,,,,,,,,
107296,,,,,,,,,
107302,,,,,,,,,
107304,,,,,,,,,
107310,,,,,,,,,
107311,1,1,1,1,1,1,1,1,1
107314,1,1,1,1,1,1,1,1,1
107323,,,,,,,,,
107330,,,,,,,,,
107331,9,8,8,5,5,4,1,1,1
107335,,,,,,,,,
107341,,,,,,,,,
107343,,,,,,,,,
107388,2,2,2,2,2,2,2,2,1
107395,,,,,,,,,
107400,,,,,,,,,
107410,,,,,,,,,
107411,,,,,,,,,
107412,4,4,4,4,4,4,1,1,1
107414,,,,,,,,,
107416,1,1,1,1,1,1,1,1,1
107423,2,2,2,2,2,2,2,2,1
107435,,,,,,,,,
107444,,,,,,,,,
107455,,,,,,,,,
107462,,,,,,,,,
107463,,,,,,,,,
107478,,,,,,,,,
107488,,,,,,,,,
107520,,,,,,,,,
107522,,,,,,,,,
107524,,,,,,,,,
107543,,,,,,,,,
107546,,,,,,,,,
107555,,,,,,,,,
107557,,,,,,,,,
107561,,,,,,,,,
107568,,,,,,,,,
107573,,,,,,,,,
107586,,,,,,,,,
107589,,,,,,,,,
107603,,,,,,,,,
107604,,,,,,,,,
107613,,,,,,,,,
107619,,,,,,,,,
107621,,,,,,,,,
107627,,,,,,,,,
107632,1,1,1,1,1,1,1,1,1
107638,,,,,,,,,
107641,,,,,,,,,
107647,,,,,,,,,
107653,,,,,,,,,
107656,,,,,,,,,
107661,,,,,,,,,
107662,,,,,,,,,
107666,,,,,,,,,
107671,,,,,,,,,
107678,,,,,,,,,
107681,,,,,,,,,
107693,,,,,,,,,
107698,7,7,6,6,3,3,3,2,1
107699,,,,,,,,,
107710,1,1,1,1,1,1,1,1,1
107712,,,,,,,,,
107713,,,,,,,,,
107730,,,,,,,,,
107735,,,,,,,,,
107737,,,,,,,,,
107749,2,2,2,2,2,2,2,2,1
107754,,,,,,,,,
107770,,,,,,,,,
107783,,,,,,,,,
107785,,,,,,,,,
107789,,,,,,,,,
107793,,,,,,,,,
107794,,,,,,,,,
107795,,,,,,,,,
107799,,,,,,,,,
107802,,,,,,,,,
107810,,,,,,,,,
107815,,,,,,,,,
107819,,,,,,,,,
107826,,,,,,,,,
107828,,,,,,,,,
107829,,,,,,,,,
107836,3,3,3,3,3,3,3,2,1
107851,,,,,,,,,
107866,1,1,1,1,1,1,1,1,1
107885,,,,,,,,,
107888,,,,,,,,,
107892,,,,,,,,,
107909,,,,,,,,,
107923,,,,,,,,,
107925,,,,,,,,,
107933,,,,,,,,,
107937,,,,,,,,,
107939,,,,,,,,,
107946,,,,,,,,,
107957,1,1,1,1,1,1,1,1,1
107966,,,,,,,,,
107974,,,,,,,,,
107977,,,,,,,,,
107984,,,,,,,,,
107986,,,,,,,,,
107996,,,,,,,,,
108007,,,,,,,,,
108009,5,5,5,5,5,4,1,1,1
108023,,,,,,,,,
108034,,,,,,,,,
108035,,,,,,,,,
108041,,,,,,,,,
108045,,,,,,,,,
108047,,,,,,,,,
108052,,,,,,,,,
108059,,,,,,,,,
108087,,,,,,,,,
108091,,,,,,,,,
108103,,,,,,,,,
108106,,,,,,,,,
108115,,,,,,,,,
108120,,,,,,,,,
108123,,,,,,,,,
108138,,,,,,,,,
108142,,,,,,,,,
108150,,,,,,,,,
108154,,,,,,,,,
108165,,,,,,,,,
108172,,,,,,,,,
108176,,,,,,,,,
108195,2,2,2,2,2,2,2,2,1
108212,,,,,,,,,
108213,,,,,,,,,
108221,,,,,,,,,
108228,2,2,2,2,2,2,2,2,1
108235,,,,,,,,,
108236,,,,,,,,,
108239,,,,,,,,,
108244,,,,,,,,,
108266,,,,,,,,,
108282,,,,,,,,,
108283,,,,,,,,,
108294,,,,,,,,,
108300,,,,,,,,,
108302,,,,,,,,,
108309,,,,,,,,,
108316,,,,,,,,,
108320,,,,,,,,,
108327,,,,,,,,,
108329,,,,,,,,,
108331,,,,,,,,,
108341,,,,,,,,,
108353,,,,,,,,,
108377,1,1,1,1,1,1,1,1,1
108383,,,,,,,,,
108395,,,,,,,,,
108417,5,5,5,5,5,4,1,1,1
108424,,,,,,,,,
108426,,,,,,,,,
108432,,,,,,,,,
108438,2,2,2,2,2,2,2,2,1
108446,,,,,,,,,
108473,,,,,,,,,
108497,,,,,,,,,
108502,,,,,,,,,
108503,1,1,1,1,1,1,1,1,1
108504,,,,,,,,,
108510,,,,,,,,,
108519,,,,,,,,,
108540,,,,,,,,,
108565,,,,,,,,,
108566,,,,,,,,,
108567,,,,,,,,,
108570,,,,,,,,,
108572,,,,,,,,,
108583,,,,,,,,,
108591,,,,,,,,,
108601,,,,,,,,,
108603,,,,,,,,,
108606,,,,,,,,,
108607,,,,,,,,,
108610,,,,,,,,,
108618,,,,,,,,,
108622,,,,,,,,,
108640,,,,,,,,,
108649,,,,,,,,,
108651,,,,,,,,,
108660,,,,,,,,,
108677,,,,,,,,,
108708,4,4,4,4,4,4,1,1,1
108710,,,,,,,,,
108721,,,,,,,,,
108724,,,,,,,,,
108735,,,,,,,,,
108742,,,,,,,,,
108744,,,,,,,,,
108745,,,,,,,,,
108752,,,,,,,,,
108754,,,,,,,,,
108757,,,,,,,,,
108762,,,,,,,,,
108774,,,,,,,,,
108790,,,,,,,,,
108809,,,,,,,,,
108816,,,,,,,,,
108824,,,,,,,,,
108834,,,,,,,,,
108850,,,,,,,,,
108851,,,,,,,,,
108860,,,,,,,,,
108873,4,4,4,4,4,4,1,1,1
108899,,,,,,,,,
108900,,,,,,,,,
108910,,,,,,,,,
108913,,,,,,,,,
108914,,,,,,,,,
108925,,,,,,,,,
108927,,,,,,,,,
108939,,,,,,,,,
108942,2,2,2,2,2,2,2,2,1
108945,,,,,,,,,
108950,,,,,,,,,
108962,,,,,,,,,
108971,,,,,,,,,
108976,,,,,,,,,
108988,,,,,,,,,
109013,,,,,,,,,
109022,,,,,,,,,
109027,,,,,,,,,
109029,,,,,,,,,
109038,,,,,,,,,
109041,,,,,,,,,
109046,,,,,,,,,
109061,,,,,,,,,
109063,,,,,,,,,
109064,1,1,1,1,1,1,1,1,1
109075,,,,,,,,,
109080,,,,,,,,,
109090,,,,,,,,,
109103,,,,,,,,,
109106,,,,,,,,,
109118,,,,,,,,,
109121,,,,,,,,,
109122,,,,,,,,,
109123,,,,,,,,,
109128,,,,,,,,,
109131,,,,,,,,,
109135,,,,,,,,,
109141,,,,,,,,,
109146,,,,,,,,,
109153,,,,,,,,,
109155,,,,,,,,,
109175,,,,,,,,,
109181,,,,,,,,,
109208,,,,,,,,,
109210,,,,,,,,,
109218,,,,,,,,,
109231,,,,,,,,,
109235,,,,,,,,,
109253,,,,,,,,,
109255,,,,,,,,,
109258,7,7,6,6,3,3,3,2,1
109283,,,,,,,,,
109290,,,,,,,,,
109294,,,,,,,,,
109296,,,,,,,,,
109307,,,,,,,,,
109311,4,4,4,4,4,4,1,1,1
109324,,,,,,,,,
109329,,,,,,,,,
109333,,,,,,,,,
109341,,,,,,,,,
109354,,,,,,,,,
109356,,,,,,,,,
109368,2,2,2,2,2,2,2,2,1
109386,,,,,,,,,
109424,,,,,,,,,
109443,,,,,,,,,
109469,,,,,,,,,
109471,,,,,,,,,
109496,,,,,,,,,
109498,2,2,2,2,2,2,2,2,1
109505,5,5,5,5,5,4,1,1,1
109506,,,,,,,,,
109518,,,,,,,,,
109522,,,,,,,,,
109523,,,,,,,,,
109536,,,,,,,,,
109538,,,,,,,,,
109547,,,,,,,,,
109551,,,,,,,,,
109590,,,,,,,,,
109593,4,4,4,4,4,4,1,1,1
109594,,,,,,,,,
109616,,,,,,,,,
109621,,,,,,,,,
109624,,,,,,,,,
109628,,,,,,,,,
109637,7,7,6,6,3,3,3,2,1
109644,,,,,,,,,
109666,,,,,,,,,
109671,4,4,4,4,4,4,1,1,1
109675,,,,,,,,,
109683,,,,,,,,,
109700,3,3,3,3,3,3,3,2,1
109707,,,,,,,,,
109708,,,,,,,,,
109714,1,1,1,1,1,1,1,1,1
109728,,,,,,,,,
109730,,,,,,,,,
109764,,,,,,,,,
109779,,,,,,,,,
109785,,,,,,,,,
109789,,,,,,,,,
109822,,,,,,,,,
109823,,,,,,,,,
109831,,,,,,,,,
109835,,,,,,,,,
109836,1,1,1,1,1,1,1,1,1
109850,,,,,,,,,
109852,,,,,,,,,
109853,,,,,,,,,
109862,,,,,,,,,
109869,,,,,,,,,
109876,,,,,,,,,
109879,,,,,,,,,
109882,,,,,,,,,
109884,,,,,,,,,
109885,,,,,,,,,
109897,,,,,,,,,
109898,,,,,,,,,
109911,,,,,,,,,
109914,,,,,,,,,
109915,,,,,,,,,
109920,,,,,,,,,
109943,,,,,,,,,
109950,,,,,,,,,
109962,,,,,,,,,
109979,,,,,,,,,
109981,,,,,,,,,
109987,,,,,,,,,
110000,,,,,,,,,
110004,,,,,,,,,
110005,,,,,,,,,
110009,,,,,,,,,
110018,,,,,,,,,
110028,,,,,,,,,
110030,,,,,,,,,
110040,,,,,,,,,
110046,8,8,8,5,5,4,1,1,1
110052,1,1,1,1,1,1,1,1,1
110079,,,,,,,,,
110084,1,1,1,1,1,1,1,1,1
110089,,,,,,,,,
110091,2,2,2,2,2,2,2,2,1
110094,,,,,,,,,
110098,,,,,,,,,
110115,,,,,,,,,
110122,,,,,,,,,
110130,,,,,,,,,
110190,,,,,,,,,
110193,,,,,,,,,
110205,,,,,,,,,
110207,,,,,,,,,
110212,,,,,,,,,
110228,,,,,,,,,
110229,,,,,,,,,
110244,,,,,,,,,
110245,,,,,,,,,
110253,,,,,,,,,
110257,,,,,,,,,
110268,,,,,,,,,
110281,,,,,,,,,
110285,,,,,,,,,
110295,,,,,,,,,
110300,,,,,,,,,
110301,,,,,,,,,
110308,,,,,,,,,
110311,,,,,,,,,
110336,,,,,,,,,
110349,,,,,,,,,
110355,,,,,,,,,
110360,,,,,,,,,
110370,1,1,1,1,1,1,1,1,1
110373,,,,,,,,,
110374,,,,,,,,,
110375,,,,,,,,,
110376,,,,,,,,,
110380,,,,,,,,,
110383,,,,,,,,,
110399,,,,,,,,,
110401,3,3,3,3,3,3,3,2,1
110411,1,1,1,1,1,1,1,1,1
110417,,,,,,,,,
110435,,,,,,,,,
110439,1,1,1,1,1,1,1,1,1
110442,,,,,,,,,
110443,2,2,2,2,2,2,2,2,1
110445,,,,,,,,,
110456,,,,,,,,,
110461,,,,,,,,,
110462,4,4,4,4,4,4,1,1,1
110468,,,,,,,,,
110475,,,,,,,,,
110481,,,,,,,,,
110490,1,1,1,1,1,1,1,1,1
110501,,,,,,,,,
110504,,,,,,,,,
110526,,,,,,,,,
110529,,,,,,,,,
110532,,,,,,,,,
110544,,,,,,,,,
110547,7,7,6,6,3,3,3,2,1
110550,,,,,,,,,
110575,,,,,,,,,
110579,,,,,,,,,
110589,,,,,,,,,
110604,,,,,,,,,
110611,,,,,,,,,
110618,,,,,,,,,
110625,,,,,,,,,
110635,,,,,,,,,
110640,,,,,,,,,
110653,,,,,,,,,
110658,,,,,,,,,
110662,,,,,,,,,
110666,,,,,,,,,
110673,,,,,,,,,
110675,,,,,,,,,
110680,,,,,,,,,
110707,,,,,,,,,
110710,,,,,,,,,
110720,4,4,4,4,4,4,1,1,1
110724,,,,,,,,,
110729,,,,,,,,,
110740,,,,,,,,,
110741,,,,,,,,,
110758,,,,,,,,,
110772,,,,,,,,,
110775,,,,,,,,,
110780,,,,,,,,,
110793,,,,,,,,,
110796,,,,,,,,,
110819,,,,,,,,,
110827,,,,,,,,,
110836,,,,,,,,,
110846,,,,,,,,,
110854,,,,,,,,,
110864,,,,,,,,,
110868,,,,,,,,,
110870,1,1,1,1,1,1,1,1,1
110883,,,,,,,,,
110884,,,,,,,,,
110894,,,,,,,,,
110900,,,,,,,,,
110916,,,,,,,,,
110919,,,,,,,,,
110924,,,,,,,,,
110931,,,,,,,,,
110954,,,,,,,,,
110968,,,,,,,,,
110969,,,,,,,,,
110989,,,,,,,,,
110990,3,3,3,3,3,3,3,2,1
110997,,,,,,,,,
111013,1,1,1,1,1,1,1,1,1
111023,,,,,,,,,
111037,2,2,2,2,2,2,2,2,1
111053,,,,,,,,,
111069,,,,,,,,,
111071,,,,,,,,,
111084,,,,,,,,,
111093,,,,,,,,,
111096,,,,,,,,,
111101,,,,,,,,,
111110,,,,,,,,,
111121,,,,,,,,,
111139,,,,,,,,,
111145,,,,,,,,,
111146,,,,,,,,,
111148,,,,,,,,,
111161,,,,,,,,,
111177,,,,,,,,,
111196,,,,,,,,,
111202,,,,,,,,,
111214,,,,,,,,,
111236,,,,,,,,,
111238,,,,,,,,,
111239,,,,,,,,,
111262,,,,,,,,,
111266,,,,,,,,,
111267,,,,,,,,,
111272,,,,,,,,,
111282,,,,,,,,,
111297,5,5,5,5,5,4,1,1,1
111302,,,,,,,,,
111317,,,,,,,,,
111329,,,,,,,,,
111334,,,,,,,,,
111335,,,,,,,,,
111353,,,,,,,,,
111367,,,,,,,,,
111371,1,1,1,1,1,1,1,1,1
111391,,,,,,,,,
111395,,,,,,,,,
111450,,,,,,,,,
111455,,,,,,,,,
111457,,,,,,,,,
111469,1,1,1,1,1,1,1,1,1
111477,,,,,,,,,
111482,,,,,,,,,
111496,,,,,,,,,
111523,,,,,,,,,
111535,,,,,,,,,
111536,,,,,,,,,
111541,,,,,,,,,
111543,,,,,,,,,
111558,,,,,,,,,
111562,,,,,,,,,
111565,,,,,,,,,
111566,,,,,,,,,
111573,,,,,,,,,
111575,,,,,,,,,
111577,,,,,,,,,
111588,,,,,,,,,
111589,,,,,,,,,
111591,,,,,,,,,
111592,,,,,,,,,
111612,1,1,1,1,1,1,1,1,1
111613,,,,,,,,,
111620,,,,,,,,,
111627,,,,,,,,,
111632,,,,,,,,,
111635,1,1,1,1,1,1,1,1,1
111651,,,,,,,,,
111654,,,,,,,,,
111656,,,,,,,,,
111663,4,4,4,4,4,4,1,1,1
111672,,,,,,,,,
111683,,,,,,,,,
111686,,,,,,,,,
111694,,,,,,,,,
111698,,,,,,,,,
111710,,,,,,,,,
111718,5,5,5,5,5,4,1,1,1
111719,,,,,,,,,
111729,,,,,,,,,
111730,,,,,,,,,
111740,,,,,,,,,
111745,,,,,,,,,
111748,,,,,,,,,
111753,,,,,,,,,
111769,,,,,,,,,
111774,1,1,1,1,1,1,1,1,1
111797,,,,,,,,,
111805,4,4,4,4,4,4,1,1,1
111823,,,,,,,,,
111825,,,,,,,,,
111826,,,,,,,,,
111834,,,,,,,,,
111835,,,,,,,,,
111855,,,,,,,,,
111859,,,,,,,,,
111867,,,,,,,,,
111892,,,,,,,,,
111893,1,1,1,1,1,1,1,1,1
111896,,,,,,,,,
111898,,,,,,,,,
111899,,,,,,,,,
111926,,,,,,,,,
111942,1,1,1,1,1,1,1,1,1
111944,,,,,,,,,
111945,,,,,,,,,
111956,,,,,,,,,
111960,,,,,,,,,
111971,,,,,,,,,
112000,,,,,,,,,
112001,,,,,,,,,
112003,,,,,,,,,
112006,,,,,,,,,
112019,,,,,,,,,
112022,,,,,,,,,
112034,,,,,,,,,
112051,4,4,4,4,4,4,1,1,1
112062,,,,,,,,,
112063,,,,,,,,,
112065,,,,,,,,,
112081,,,,,,,,,
112085,,,,,,,,,
112091,,,,,,,,,
112096,,,,,,,,,
112102,,,,,,,,,
112115,,,,,,,,,
112127,,,,,,,,,
112132,,,,,,,,,
112138,,,,,,,,,
112151,,,,,,,,,
112158,,,,,,,,,
112159,,,,,,,,,
112171,,,,,,,,,
112187,,,,,,,,,
112200,,,,,,,,,
112204,7,7,6,6,3,3,3,2,1
112210,,,,,,,,,
112221,,,,,,,,,
112224,,,,,,,,,
112241,,,,,,,,,
112245,,,,,,,,,
112255,,,,,,,,,
112261,,,,,,,,,
112281,,,,,,,,,
112291,,,,,,,,,
112305,,,,,,,,,
112308,,,,,,,,,
112319,,,,,,,,,
112320,1,1,1,1,1,1,1,1,1
112328,,,,,,,,,
112341,,,,,,,,,
112354,,,,,,,,,
112365,,,,,,,,,
112373,,,,,,,,,
112376,,,,,,,,,
112384,,,,,,,,,
112391,7,7,6,6,3,3,3,2,1
112396,1,1,1,1,1,1,1,1,1
112407,,,,,,,,,
112414,,,,,,,,,
112416,,,,,,,,,
112436,,,,,,,,,
112441,,,,,,,,,
112447,,,,,,,,,
112455,,,,,,,,,
112456,,,,,,,,,
112473,,,,,,,,,
112477,1,1,1,1,1,1,1,1,1
112482,,,,,,,,,
112496,,,,,,,,,
112518,,,,,,,,,
112523,,,,,,,,,
112525,,,,,,,,,
112526,,,,,,,,,
112532,,,,,,,,,
112536,,,,,,,,,
112561,,,,,,,,,
112562,,,,,,,,,
112571,,,,,,,,,
112574,,,,,,,,,
112577,,,,,,,,,
112583,,,,,,,,,
112607,,,,,,,,,
112616,,,,,,,,,
112621,,,,,,,,,
112629,,,,,,,,,
112635,,,,,,,,,
112644,1,1,1,1,1,1,1,1,1
112657,,,,,,,,,
112658,,,,,,,,,
112663,,,,,,,,,
112664,8,8,8,5,5,4,1,1,1
112668,,,,,,,,,
112669,,,,,,,,,
112697,,,,,,,,,
112706,,,,,,,,,
112725,2,2,2,2,2,2,2,2,1
112735,1,1,1,1,1,1,1,1,1
112777,1,1,1,1,1,1,1,1,1
112781,,,,,,,,,
112783,,,,,,,,,
112795,,,,,,,,,
112807,,,,,,,,,
112819,,,,,,,,,
112826,,,,,,,,,
112828,,,,,,,,,
112831,1,1,1,1,1,1,1,1,1
112832,,,,,,,,,
112840,,,,,,,,,
112844,,,,,,,,,
112849,,,,,,,,,
112851,,,,,,,,,
112859,,,,,,,,,
112861,,,,,,,,,
112864,,,,,,,,,
112867,,,,,,,,,
112868,,,,,,,,,
112896,,,,,,,,,
112899,,,,,,,,,
112901,,,,,,,,,
112904,,,,,,,,,
112905,,,,,,,,,
112911,,,,,,,,,
112931,1,1,1,1,1,1,1,1,1
112944,,,,,,,,,
112946,,,,,,,,,
112960,,,,,,,,,
112973,,,,,,,,,
112980,,,,,,,,,
112982,,,,,,,,,
112992,,,,,,,,,
112995,,,,,,,,,
113002,,,,,,,,,
113013,,,,,,,,,
113027,3,3,3,3,3,3,3,2,1
113031,,,,,,,,,
113034,,,,,,,,,
113036,,,,,,,,,
113052,,,,,,,,,
113057,,,,,,,,,
113069,,,,,,,,,
113081,,,,,,,,,
113096,,,,,,,,,
113113,,,,,,,,,
113118,,,,,,,,,
113122,,,,,,,,,
113141,,,,,,,,,
113145,9,8,8,5,5,4,1,1,1
113158,,,,,,,,,
113174,1,1,1,1,1,1,1,1,1
113186,,,,,,,,,
113201,,,,,,,,,
113208,,,,,,,,,
113212,,,,,,,,,
113216,1,1,1,1,1,1,1,1,1
113238,,,,,,,,,
113246,,,,,,,,,
113254,,,,,,,,,
113259,3,3,3,3,3,3,3,2,1
113266,,,,,,,,,
113267,,,,,,,,,
113282,,,,,,,,,
113286,,,,,,,,,
113294,,,,,,,,,
113295,,,,,,,,,
113302,,,,,,,,,
113307,,,,,,,,,
113314,,,,,,,,,
113321,,,,,,,,,
113326,,,,,,,,,
113334,,,,,,,,,
113351,,,,,,,,,
113363,,,,,,,,,
113378,,,,,,,,,
113386,1,1,1,1,1,1,1,1,1
113387,,,,,,,,,
113391,,,,,,,,,
113398,,,,,,,,,
113403,,,,,,,,,
113412,1,1,1,1,1,1,1,1,1
113419,,,,,,,,,
113427,,,,,,,,,
113430,,,,,,,,,
113435,,,,,,,,,
113438,,,,,,,,,
113472,,,,,,,,,
113475,,,,,,,,,
113479,,,,,,,,,
113484,,,,,,,,,
113489,2,2,2,2,2,2,2,2,1
113493,,,,,,,,,
113499,,,,,,,,,
113501,,,,,,,,,
113505,,,,,,,,,
113507,,,,,,,,,
113519,,,,,,,,,
113552,,,,,,,,,
113563,,,,,,,,,
113570,,,,,,,,,
113579,,,,,,,,,
113581,,,,,,,,,
113583,,,,,,,,,
113593,,,,,,,,,
113595,,,,,,,,,
113596,,,,,,,,,
113598,,,,,,,,,
113612,,,,,,,,,
113619,,,,,,,,,
113635,,,,,,,,,
113636,,,,,,,,,
113638,,,,,,,,,
113641,,,,,,,,,
113643,,,,,,,,,
113659,,,,,,,,,
113661,,,,,,,,,
113673,,,,,,,,,
113704,,,,,,,,,
113705,,,,,,,,,
113709,,,,,,,,,
113718,,,,,,,,,
113728,,,,,,,,,
113732,,,,,,,,,
113738,,,,,,,,,
113747,,,,,,,,,
113766,,,,,,,,,
113780,,,,,,,,,
113789,,,,,,,,,
113792,,,,,,,,,
113804,,,,,,,,,
113805,,,,,,,,,
113808,,,,,,,,,
113811,,,,,,,,,
113824,,,,,,,,,
113825,2,2,2,2,2,2,2,2,1
113828,,,,,,,,,
113837,,,,,,,,,
113840,,,,,,,,,
113841,,,,,,,,,
113879,,,,,,,,,
113881,,,,,,,,,
113882,,,,,,,,,
113904,,,,,,,,,
113906,,,,,,,,,
113911,,,,,,,,,
113912,,,,,,,,,
113918,,,,,,,,,
113920,,,,,,,,,
113927,,,,,,,,,
113930,,,,,,,,,
113945,7,7,6,6,3,3,3,2,1
113946,,,,,,,,,
113951,,,,,,,,,
113953,,,,,,,,,
113954,,,,,,,,,
113960,,,,,,,,,
113962,,,,,,,,,
113968,,,,,,,,,
113973,,,,,,,,,
114008,,,,,,,,,
114009,,,,,,,,,
114013,3,3,3,3,3,3,3,2,1
114036,,,,,,,,,
114038,,,,,,,,,
114054,,,,,,,,,
114061,,,,,,,,,
114068,2,2,2,2,2,2,2,2,1
114074,,,,,,,,,
114096,,,,,,,,,
114097,,,,,,,,,
114112,,,,,,,,,
114113,,,,,,,,,
114134,,,,,,,,,
114139,,,,,,,,,
114148,,,,,,,,,
114151,,,,,,,,,
114152,,,,,,,,,
114186,,,,,,,,,
114187,,,,,,,,,
114188,4,4,4,4,4,4,1,1,1
114194,,,,,,,,,
114208,,,,,,,,,
114233,,,,,,,,,
114235,1,1,1,1,1,1,1,1,1
114253,,,,,,,,,
114255,,,,,,,,,
114258,,,,,,,,,
114263,,,,,,,,,
114269,,,,,,,,,
114284,,,,,,,,,
114290,,,,,,,,,
114319,,,,,,,,,
114321,,,,,,,,,
114332,,,,,,,,,
114333,,,,,,,,,
114334,,,,,,,,,
114350,,,,,,,,,
114352,,,,,,,,,
114355,,,,,,,,,
114358,,,,,,,,,
114361,,,,,,,,,
114367,1,1,1,1,1,1,1,1,1
114380,,,,,,,,,
114385,,,,,,,,,
114408,,,,,,,,,
114418,,,,,,,,,
114424,,,,,,,,,
114431,,,,,,,,,
114437,,,,,,,,,
114449,,,,,,,,,
114478,,,,,,,,,
114480,,,,,,,,,
114490,,,,,,,,,
114494,8,8,8,5,5,4,1,1,1
114495,,,,,,,,,
114504,,,,,,,,,
114509,,,,,,,,,
114511,,,,,,,,,
114520,,,,,,,,,
114522,,,,,,,,,
114526,,,,,,,,,
114527,,,,,,,,,
114541,5,5,5,5,5,4,1,1,1
114553,,,,,,,,,
114560,,,,,,,,,
114588,,,,,,,,,
114591,,,,,,,,,
114592,,,,,,,,,
114632,,,,,,,,,
114641,1,1,1,1,1,1,1,1,1
114649,,,,,,,,,
114658,,,,,,,,,
114673,,,,,,,,,
114675,,,,,,,,,
114676,,,,,,,,,
114681,,,,,,,,,
114691,,,,,,,,,
114696,,,,,,,,,
114698,,,,,,,,,
114712,,,,,,,,,
114722,,,,,,,,,
114725,,,,,,,,,
114734,,,,,,,,,
114766,,,,,,,,,
114772,,,,,,,,,
114777,,,,,,,,,
114787,,,,,,,,,
114815,,,,,,,,,
114821,,,,,,,,,
114833,,,,,,,,,
114837,2,2,2,2,2,2,2,2,1
114840,,,,,,,,,
114848,,,,,,,,,
114850,,,,,,,,,
114857,,,,,,,,,
114861,,,,,,,,,
114869,,,,,,,,,
114874,1,1,1,1,1,1,1,1,1
114885,5,5,5,5,5,4,1,1,1
114888,,,,,,,,,
114904,,,,,,,,,
114936,8,8,8,5,5,4,1,1,1
114944,,,,,,,,,
114975,,,,,,,,,
114985,5,5,5,5,5,4,1,1,1
114987,,,,,,,,,
114994,,,,,,,,,
114995,,,,,,,,,
114998,,,,,,,,,
115032,,,,,,,,,
115034,,,,,,,,,
115038,1,1,1,1,1,1,1,1,1
115042,,,,,,,,,
115052,,,,,,,,,
115082,,,,,,,,,
115090,2,2,2,2,2,2,2,2,1
115091,,,,,,,,,
115094,,,,,,,,,
115096,,,,,,,,,
115098,,,,,,,,,
115105,,,,,,,,,
115108,,,,,,,,,
115119,,,,,,,,,
115128,,,,,,,,,
115145,,,,,,,,,
115146,,,,,,,,,
115152,,,,,,,,,
115157,,,,,,,,,
115158,,,,,,,,,
115164,,,,,,,,,
115168,,,,,,,,,
115172,,,,,,,,,
115181,,,,,,,,,
115182,,,,,,,,,
115196,,,,,,,,,
115198,,,,,,,,,
115208,,,,,,,,,
115210,,,,,,,,,
115219,,,,,,,,,
115220,,,,,,,,,
115238,,,,,,,,,
115248,,,,,,,,,
115249,,,,,,,,,
115263,,,,,,,,,
115266,,,,,,,,,
115279,,,,,,,,,
115281,,,,,,,,,
115282,,,,,,,,,
115293,,,,,,,,,
115312,,,,,,,,,
115313,,,,,,,,,
115324,,,,,,,,,
115325,,,,,,,,,
115331,1,1,1,1,1,1,1,1,1
115338,,,,,,,,,
115340,,,,,,,,,
115342,,,,,,,,,
115348,,,,,,,,,
115352,,,,,,,,,
115353,,,,,,,,,
115371,,,,,,,,,
115376,,,,,,,,,
115381,,,,,,,,,
115402,1,1,1,1,1,1,1,1,1
115407,,,,,,,,,
115428,1,1,1,1,1,1,1,1,1
115432,,,,,,,,,
115435,,,,,,,,,
115436,,,,,,,,,
115444,,,,,,,,,
115445,,,,,,,,,
115447,,,,,,,,,
115448,,,,,,,,,
115452,,,,,,,,,
115457,,,,,,,,,
115458,,,,,,,,,
115459,,,,,,,,,
115469,,,,,,,,,
115474,1,1,1,1,1,1,1,1,1
115475,,,,,,,,,
115496,,,,,,,,,
115520,,,,,,,,,
115523,,,,,,,,,
115524,,,,,,,,,
115531,,,,,,,,,
115534,,,,,,,,,
115550,,,,,,,,,
115575,,,,,,,,,
115587,,,,,,,,,
115591,,,,,,,,,
115592,,,,,,,,,
115609,,,,,,,,,
115613,,,,,,,,,
115632,,,,,,,,,
115654,,,,,,,,,
115663,1,1,1,1,1,1,1,1,1
115679,,,,,,,,,
115683,,,,,,,,,
115684,4,4,4,4,4,4,1,1,1
115695,,,,,,,,,
115710,,,,,,,,,
115718,,,,,,,,,
115721,,,,,,,,,
115722,,,,,,,,,
115726,,,,,,,,,
115735,,,,,,,,,
115752,,,,,,,,,
115764,,,,,,,,,
115775,,,,,,,,,
115785,,,,,,,,,
115786,,,,,,,,,
115797,3,3,3,3,3,3,3,2,1
115803,,,,,,,,,
115808,,,,,,,,,
115827,,,,,,,,,
115829,5,5,5,5,5,4,1,1,1
115832,,,,,,,,,
115836,,,,,,,,,
115843,,,,,,,,,
115846,,,,,,,,,
115855,4,4,4,4,4,4,1,1,1
115857,,,,,,,,,
115872,2,2,2,2,2,2,2,2,1
115898,,,,,,,,,
115901,,,,,,,,,
115908,1,1,1,1,1,1,1,1,1
115937,3,3,3,3,3,3,3,2,1
115945,,,,,,,,,
115966,,,,,,,,,
115976,6,6,6,6,3,3,3,2,1
115978,,,,,,,,,
115981,,,,,,,,,
115988,,,,,,,,,
115994,,,,,,,,,
115999,,,,,,,,,
116016,,,,,,,,,
116038,,,,,,,,,
116048,1,1,1,1,1,1,1,1,1
116071,,,,,,,,,
116072,,,,,,,,,
116075,,,,,,,,,
116079,,,,,,,,,
116100,,,,,,,,,
116104,,,,,,,,,
116108,,,,,,,,,
116118,,,,,,,,,
116127,,,,,,,,,
116128,,,,,,,,,
116130,,,,,,,,,
116138,,,,,,,,,
116142,,,,,,,,,
116153,,,,,,,,,
116154,,,,,,,,,
116168,,,,,,,,,
116184,,,,,,,,,
116202,,,,,,,,,
116204,1,1,1,1,1,1,1,1,1
116207,,,,,,,,,
116208,,,,,,,,,
116216,,,,,,,,,
116231,,,,,,,,,
116236,,,,,,,,,
116242,,,,,,,,,
116260,,,,,,,,,
116261,,,,,,,,,
116263,1,1,1,1,1,1,1,1,1
116270,,,,,,,,,
116278,,,,,,,,,
116281,,,,,,,,,
116293,,,,,,,,,
116295,,,,,,,,,
116299,1,1,1,1,1,1,1,1,1
116316,,,,,,,,,
116318,,,,,,,,,
116343,1,1,1,1,1,1,1,1,1
116347,,,,,,,,,
116352,,,,,,,,,
116358,,,,,,,,,
116366,,,,,,,,,
116369,,,,,,,,,
116381,,,,,,,,,
116394,,,,,,,,,
116398,,,,,,,,,
116412,,,,,,,,,
116427,,,,,,,,,
116430,,,,,,,,,
116431,,,,,,,,,
116434,,,,,,,,,
116438,,,,,,,,,
116443,,,,,,,,,
116454,,,,,,,,,
116457,,,,,,,,,
116459,,,,,,,,,
116461,,,,,,,,,
116465,,,,,,,,,
116475,1,1,1,1,1,1,1,1,1
116483,,,,,,,,,
116484,,,,,,,,,
116486,,,,,,,,,
116488,,,,,,,,,
116498,,,,,,,,,
116499,,,,,,,,,
116501,,,,,,,,,
116506,5,5,5,5,5,4,1,1,1
116509,,,,,,,,,
116533,,,,,,,,,
116535,,,,,,,,,
116536,,,,,,,,,
116537,,,,,,,,,
116547,,,,,,,,,
116558,,,,,,,,,
116566,,,,,,,,,
116577,1,1,1,1,1,1,1,1,1
116589,,,,,,,,,
116595,,,,,,,,,
116602,,,,,,,,,
116606,,,,,,,,,
116611,,,,,,,,,
116621,,,,,,,,,
116632,,,,,,,,,
116635,,,,,,,,,
116636,,,,,,,,,
116652,,,,,,,,,
116668,,,,,,,,,
116677,,,,,,,,,
116710,,,,,,,,,
116712,,,,,,,,,
116715,,,,,,,,,
116721,,,,,,,,,
116730,,,,,,,,,
116731,,,,,,,,,
116753,,,,,,,,,
116772,,,,,,,,,
116788,,,,,,,,,
116811,,,,,,,,,
116817,,,,,,,,,
116828,,,,,,,,,
116841,,,,,,,,,
116845,,,,,,,,,
116855,,,,,,,,,
116861,,,,,,,,,
116869,,,,,,,,,
116896,3,3,3,3,3,3,3,2,1
116904,,,,,,,,,
116937,,,,,,,,,
116959,,,,,,,,,
116976,,,,,,,,,
116977,,,,,,,,,
116984,,,,,,,,,
116987,,,,,,,,,
116992,,,,,,,,,
117000,,,,,,,,,
117009,,,,,,,,,
117022,,,,,,,,,
117029,,,,,,,,,
117041,,,,,,,,,
117045,,,,,,,,,
117048,,,,,,,,,
117059,1,1,1,1,1,1,1,1,1
117067,1,1,1,1,1,1,1,1,1
117076,,,,,,,,,
117081,,,,,,,,,
117082,3,3,3,3,3,3,3,2,1
117086,,,,,,,,,
117089,,,,,,,,,
117109,2,2,2,2,2,2,2,2,1
117110,,,,,,,,,
117120,,,,,,,,,
117129,,,,,,,,,
117130,,,,,,,,,
117131,,,,,,,,,
117139,,,,,,,,,
117141,,,,,,,,,
117145,,,,,,,,,
117150,,,,,,,,,
117160,,,,,,,,,
117162,,,,,,,,,
117168,,,,,,,,,
117174,,,,,,,,,
117181,1,1,1,1,1,1,1,1,1
117184,,,,,,,,,
117188,,,,,,,,,
117189,,,,,,,,,
117194,,,,,,,,,
117206,,,,,,,,,
117241,,,,,,,,,
117246,,,,,,,,,
117249,,,,,,,,,
117255,1,1,1,1,1,1,1,1,1
117261,,,,,,,,,
117278,,,,,,,,,
117282,,,,,,,,,
117283,,,,,,,,,
117285,,,,,,,,,
117286,,,,,,,,,
117289,,,,,,,,,
117298,,,,,,,,,
117327,1,1,1,1,1,1,1,1,1
117330,,,,,,,,,
117333,,,,,,,,,
117347,,,,,,,,,
117349,,,,,,,,,
117351,1,1,1,1,1,1,1,1,1
117354,,,,,,,,,
117357,,,,,,,,,
117358,,,,,,,,,
117365,,,,,,,,,
117366,,,,,,,,,
117369,,,,,,,,,
117374,,,,,,,,,
117379,,,,,,,,,
117381,,,,,,,,,
117389,,,,,,,,,
117397,,,,,,,,,
117399,,,,,,,,,
117400,,,,,,,,,
117409,,,,,,,,,
117427,,,,,,,,,
117437,,,,,,,,,
117449,,,,,,,,,
117450,,,,,,,,,
117454,,,,,,,,,
117459,,,,,,,,,
117466,,,,,,,,,
117472,,,,,,,,,
117478,,,,,,,,,
117485,,,,,,,,,
117492,,,,,,,,,
117515,,,,,,,,,
117517,2,2,2,2,2,2,2,2,1
117520,,,,,,,,,
117522,,,,,,,,,
117530,,,,,,,,,
117540,,,,,,,,,
117545,,,,,,,,,
117564,,,,,,,,,
117588,7,7,6,6,3,3,3,2,1
117594,,,,,,,,,
117606,,,,,,,,,
117617,,,,,,,,,
117618,6,6,6,6,3,3,3,2,1
117627,,,,,,,,,
117650,1,1,1,1,1,1,1,1,1
117654,1,1,1,1,1,1,1,1,1
117657,,,,,,,,,
117658,,,,,,,,,
117663,,,,,,,,,
117673,,,,,,,,,
117681,,,,,,,,,
117684,,,,,,,,,
117687,,,,,,,,,
117689,,,,,,,,,
117707,,,,,,,,,
117722,,,,,,,,,
117753,1,1,1,1,1,1,1,1,1
117769,,,,,,,,,
117777,,,,,,,,,
117778,,,,,,,,,
117786,,,,,,,,,
117801,,,,,,,,,
117814,1,1,1,1,1,1,1,1,1
117819,,,,,,,,,
117830,,,,,,,,,
117837,,,,,,,,,
117844,,,,,,,,,
117846,,,,,,,,,
117854,,,,,,,,,
117875,,,,,,,,,
117882,,,,,,,,,
117894,,,,,,,,,
117897,,,,,,,,,
117906,8,8,8,5,5,4,1,1,1
117917,,,,,,,,,
117919,,,,,,,,,
117924,,,,,,,,,
117955,,,,,,,,,
117962,,,,,,,,,
117964,,,,,,,,,
117965,,,,,,,,,
117971,,,,,,,,,
117980,,,,,,,,,
117981,,,,,,,,,
117987,,,,,,,,,
117988,,,,,,,,,
117992,,,,,,,,,
118008,,,,,,,,,
118028,1,1,1,1,1,1,1,1,1
118040,4,4,4,4,4,4,1,1,1
118041,,,,,,,,,
118061,,,,,,,,,
118085,,,,,,,,,
118091,,,,,,,,,
118092,,,,,,,,,
118099,,,,,,,,,
118101,,,,,,,,,
118112,,,,,,,,,
118114,,,,,,,,,
118117,,,,,,,,,
118127,,,,,,,,,
118136,1,1,1,1,1,1,1,1,1
118142,,,,,,,,,
118144,,,,,,,,,
118152,,,,,,,,,
118156,2,2,2,2,2,2,2,2,1
118169,,,,,,,,,
118177,,,,,,,,,
118193,1,1,1,1,1,1,1,1,1
118195,,,,,,,,,
118199,,,,,,,,,
118204,1,1,1,1,1,1,1,1,1
118206,,,,,,,,,
118211,,,,,,,,,
118220,,,,,,,,,
118223,,,,,,,,,
118238,,,,,,,,,
118245,,,,,,,,,
118247,1,1,1,1,1,1,1,1,1
118248,,,,,,,,,
118250,3,3,3,3,3,3,3,2,1
118264,9,8,8,5,5,4,1,1,1
118265,,,,,,,,,
118277,,,,,,,,,
118289,,,,,,,,,
118292,,,,,,,,,
118293,,,,,,,,,
118296,,,,,,,,,
118303,2,2,2,2,2,2,2,2,1
118321,,,,,,,,,
118325,,,,,,,,,
118329,,,,,,,,,
118338,,,,,,,,,
118356,,,,,,,,,
118369,,,,,,,,,
118372,,,,,,,,,
118383,,,,,,,,,
118392,1,1,1,1,1,1,1,1,1
118396,,,,,,,,,
118398,,,,,,,,,
118403,,,,,,,,,
118405,,,,,,,,,
118409,,,,,,,,,
118411,,,,,,,,,
118415,,,,,,,,,
118417,,,,,,,,,
118427,,,,,,,,,
118432,,,,,,,,,
118439,,,,,,,,,
118451,,,,,,,,,
118460,,,,,,,,,
118461,,,,,,,,,
118470,,,,,,,,,
118476,,,,,,,,,
118485,,,,,,,,,
118494,,,,,,,,,
118506,2,2,2,2,2,2,2,2,1
118518,,,,,,,,,
118519,,,,,,,,,
118523,,,,,,,,,
118528,,,,,,,,,
118534,,,,,,,,,
118541,6,6,6,6,3,3,3,2,1
118547,,,,,,,,,
118555,,,,,,,,,
118562,,,,,,,,,
118565,,,,,,,,,
118567,,,,,,,,,
118578,,,,,,,,,
118580,,,,,,,,,
118586,3,3,3,3,3,3,3,2,1
118597,,,,,,,,,
118602,,,,,,,,,
118607,,,,,,,,,
118626,,,,,,,,,
118640,,,,,,,,,
118642,,,,,,,,,
118644,,,,,,,,,
118650,2,2,2,2,2,2,2,2,1
118656,,,,,,,,,
118663,,,,,,,,,
118684,,,,,,,,,
118694,,,,,,,,,
118696,,,,,,,,,
118711,,,,,,,,,
118712,,,,,,,,,
118719,,,,,,,,,
118731,,,,,,,,,
118733,,,,,,,,,
118749,,,,,,,,,
118757,,,,,,,,,
118763,,,,,,,,,
118765,,,,,,,,,
118767,,,,,,,,,
118781,,,,,,,,,
118806,,,,,,,,,
118807,,,,,,,,,
118821,2,2,2,2,2,2,2,2,1
118825,,,,,,,,,
118828,,,,,,,,,
118837,,,,,,,,,
118846,,,,,,,,,
118848,7,7,6,6,3,3,3,2,1
118851,,,,,,,,,
118861,,,,,,,,,
118895,1,1,1,1,1,1,1,1,1
118896,1,1,1,1,1,1,1,1,1
118898,1,1,1,1,1,1,1,1,1
118929,,,,,,,,,
118951,,,,,,,,,
118956,,,,,,,,,
118962,,,,,,,,,
118985,,,,,,,,,
118987,,,,,,,,,
118991,,,,,,,,,
118994,,,,,,,,,
119000,,,,,,,,,
119004,1,1,1,1,1,1,1,1,1
119008,,,,,,,,,
119011,,,,,,,,,
119013,4,4,4,4,4,4,1,1,1
119023,,,,,,,,,
119028,,,,,,,,,
119059,,,,,,,,,
119062,,,,,,,,,
119075,,,,,,,,,
119077,,,,,,,,,
119083,,,,,,,,,
119085,,,,,,,,,
119090,6,6,6,6,3,3,3,2,1
119096,,,,,,,,,
119097,,,,,,,,,
119100,,,,,,,,,
119108,,,,,,,,,
119115,,,,,,,,,
119119,,,,,,,,,
119121,,,,,,,,,
119139,,,,,,,,,
119153,,,,,,,,,
119156,,,,,,,,,
119163,,,,,,,,,
119185,,,,,,,,,
119196,,,,,,,,,
119216,,,,,,,,,
119217,,,,,,,,,
119224,,,,,,,,,
119236,,,,,,,,,
119242,,,,,,,,,
119260,3,3,3,3,3,3,3,2,1
119265,,,,,,,,,
119268,,,,,,,,,
119275,,,,,,,,,
119277,,,,,,,,,
119283,,,,,,,,,
119289,,,,,,,,,
119294,,,,,,,,,
119297,,,,,,,,,
119299,,,,,,,,,
119309,,,,,,,,,
119319,,,,,,,,,
119327,,,,,,,,,
119331,,,,,,,,,
119346,,,,,,,,,
119355,,,,,,,,,
119356,,,,,,,,,
119364,,,,,,,,,
119368,,,,,,,,,
119371,,,,,,,,,
119375,,,,,,,,,
119383,,,,,,,,,
119394,,,,,,,,,
119400,,,,,,,,,
119417,,,,,,,,,
119425,,,,,,,,,
119433,,,,,,,,,
119438,,,,,,,,,
119441,5,5,5,5,5,4,1,1,1
119452,,,,,,,,,
119454,,,,,,,,,
119458,,,,,,,,,
119461,,,,,,,,,
119466,,,,,,,,,
119470,,,,,,,,,
119486,,,,,,,,,
119504,,,,,,,,,
119522,1,1,1,1,1,1,1,1,1
119529,1,1,1,1,1,1,1,1,1
119542,,,,,,,,,
119572,,,,,,,,,
119582,5,5,5,5,5,4,1,1,1
119585,,,,,,,,,
119586,,,,,,,,,
119594,,,,,,,,,
119599,,,,,,,,,
119601,,,,,,,,,
119628,,,,,,,,,
119640,,,,,,,,,
119642,,,,,,,,,
119647,,,,,,,,,
119648,,,,,,,,,
119652,,,,,,,,,
119678,,,,,,,,,
119694,,,,,,,,,
119723,,,,,,,,,
119740,,,,,,,,,
119750,,,,,,,,,
119751,,,,,,,,,
119755,,,,,,,,,
119770,,,,,,,,,
119774,,,,,,,,,
119776,,,,,,,,,
119781,,,,,,,,,
119801,,,,,,,,,
119803,,,,,,,,,
119806,,,,,,,,,
119819,,,,,,,,,
119826,4,4,4,4,4,4,1,1,1
119828,1,1,1,1,1,1,1,1,1
119829,,,,,,,,,
119831,,,,,,,,,
119833,,,,,,,,,
119842,3,3,3,3,3,3,3,2,1
119854,,,,,,,,,
119855,,,,,,,,,
119901,,,,,,,,,
119902,,,,,,,,,
119908,,,,,,,,,
119912,,,,,,,,,
119932,1,1,1,1,1,1,1,1,1
119946,,,,,,,,,
119966,,,,,,,,,
119974,,,,,,,,,
119980,,,,,,,,,
119998,,,,,,,,,
120000,,,,,,,,,
120005,,,,,,,,,
120008,,,,,,,,,
120049,,,,,,,,,
120067,,,,,,,,,
